Species,Region,Licences,Days,Tonnes
Amberjack,Mapstone - Townsville,6,6,0.31
Bait fish,Mapstone - Townsville,7,13,0.4
Barramundi,Mapstone - Townsville,N/A,N/A,N/A
Bream - black (luderick),Mapstone - Townsville,N/A,N/A,N/A
Bream - bony (herring),Mapstone - Townsville,N/A,N/A,N/A
Bug - honey,Mapstone - Townsville,11,14,0.64
Bugs - Balmain,Mapstone - Townsville,201,6060,172
Bugs - moreton bay,Mapstone - Townsville,621,238632,"6,485.15"
Bugs - unspecified,Mapstone - Townsville,166,4952,98.75
Butterflybream -  unspecified,Mapstone - Townsville,135,7519,89.87
Cod - unspecified,Mapstone - Townsville,28,66,0.8
Coral trout,Mapstone - Townsville,99,1004,28.98
Crab - blue swimmer,Mapstone - Townsville,307,27557,97.59
Crab - coral,Mapstone - Townsville,N/A,N/A,N/A
Crab - Mud,Mapstone - Townsville,40,252,6.02
Crab - spanner,Mapstone - Townsville,N/A,N/A,N/A
Crab - three spot,Mapstone - Townsville,58,511,2.45
Crab - unspecified,Mapstone - Townsville,255,8701,71.15
Cuttlefish,Mapstone - Townsville,271,23665,82.91
Emperor - red,Mapstone - Townsville,27,83,2.85
Emperor - red throat,Mapstone - Townsville,13,142,2.76
Emperor - spangled,Mapstone - Townsville,10,81,1.21
Fish - mixed reef,Mapstone - Townsville,5,5,0.32
Fish - mixed reef a,Mapstone - Townsville,30,216,2.55
Fish - mixed reef b,Mapstone - Townsville,N/A,N/A,N/A
Fish - unspecified,Mapstone - Townsville,132,1657,37.57
Flathead - unspecified,Mapstone - Townsville,7,104,0.31
Flounder - unspecified,Mapstone - Townsville,N/A,N/A,N/A
Garfish - unspecified,Mapstone - Townsville,N/A,N/A,N/A
Goat fish,Mapstone - Townsville,22,220,2.51
Grinners,Mapstone - Townsville,N/A,N/A,N/A
Grunter - unspecified,Mapstone - Townsville,N/A,N/A,N/A
Herring - wolf,Mapstone - Townsville,N/A,N/A,N/A
Jew fish - mulloway,Mapstone - Townsville,13,42,0.59
Jew fish - silver,Mapstone - Townsville,N/A,N/A,N/A
Jew fish - unspecified,Mapstone - Townsville,6,8,0.28
Jobfish - rosy,Mapstone - Townsville,N/A,N/A,N/A
Jobfish - unspecified,Mapstone - Townsville,N/A,N/A,N/A
Kingfish - black,Mapstone - Townsville,8,8,0.14
Leather jacket/triggerfish,Mapstone - Townsville,N/A,N/A,N/A
Lobster - champagne (red),Mapstone - Townsville,61,1386,328.25
Lobster - cray tails,Mapstone - Townsville,N/A,N/A,N/A
Lobster - slipper,Mapstone - Townsville,19,58,1.63
Lobster - tropical rock,Mapstone - Townsville,N/A,N/A,N/A
Lobster - unspecified,Mapstone - Townsville,34,504,117.36
Mackerel - grey,Mapstone - Townsville,13,96,1.97
Mackerel - shark,Mapstone - Townsville,N/A,N/A,N/A
Mackerel - spanish,Mapstone - Townsville,19,235,9.42
Mackerel - spotted,Mapstone - Townsville,N/A,N/A,N/A
Mackerel - unspecified,Mapstone - Townsville,36,152,5.42
Mangrove jack,Mapstone - Townsville,N/A,N/A,N/A
Mantis shrimp - unspecified,Mapstone - Townsville,57,471,2.83
Mullet - fantail/silver,Mapstone - Townsville,N/A,N/A,N/A
Mullet - tiger / flat tail,Mapstone - Townsville,N/A,N/A,N/A
Mullet - unspecified,Mapstone - Townsville,N/A,N/A,N/A
Nannygai - large mouth,Mapstone - Townsville,20,79,1.92
Nannygai - small mouth,Mapstone - Townsville,N/A,N/A,N/A
Nannygai - unspecified,Mapstone - Townsville,14,28,1.34
Octopus - unspecified,Mapstone - Townsville,212,8701,22.46
Pilchard/sardine - unspecified,Mapstone - Townsville,N/A,N/A,N/A
Pink fish,Mapstone - Townsville,N/A,N/A,N/A
Pipehorse - dunkers,Mapstone - Townsville,118,9595,1.9
Pipehorse - pallid,Mapstone - Townsville,122,7400,1.84
Pomfret - unspecified,Mapstone - Townsville,N/A,N/A,N/A
Prawn -  red spot & blue leg k,Mapstone - Townsville,245,12924,916.25
Prawn - banana,Mapstone - Townsville,559,39135,"4,866.99"
Prawn - bay,Mapstone - Townsville,200,1697,47.11
Prawn - blue leg king,Mapstone - Townsville,182,15752,420.43
Prawn - clicker,Mapstone - Townsville,N/A,N/A,N/A
Prawn - coral,Mapstone - Townsville,382,26082,575.52
Prawn - eastern king,Mapstone - Townsville,204,3311,164.92
Prawn - endeavour,Mapstone - Townsville,618,156486,"2,988.85"
Prawn - greasy,Mapstone - Townsville,25,77,5.5
Prawn - japanese king,Mapstone - Townsville,N/A,N/A,N/A
Prawn - king,Mapstone - Townsville,573,101439,"5,503"
Prawn - leader,Mapstone - Townsville,227,7794,167.54
Prawn - mixed bait,Mapstone - Townsville,18,56,1.6
Prawn - red,Mapstone - Townsville,12,15,0.28
Prawn - red spot king,Mapstone - Townsville,280,52461,"3,258.67"
Prawn - royal red,Mapstone - Townsville,N/A,N/A,N/A
Prawn - scarlet,Mapstone - Townsville,N/A,N/A,N/A
Prawn - school,Mapstone - Townsville,20,61,3.47
Prawn - tiger,Mapstone - Townsville,644,173403,"11,960.57"
Prawn - unspecified,Mapstone - Townsville,242,5051,112.18
Queenfish - unspecified,Mapstone - Townsville,N/A,N/A,N/A
Queensland halibut,Mapstone - Townsville,N/A,N/A,N/A
Ray - eastern fiddler,Mapstone - Townsville,N/A,N/A,N/A
Ray - sting unspecified,Mapstone - Townsville,N/A,N/A,N/A
Scallop - mud,Mapstone - Townsville,291,9765,978.1
Scallop - queen,Mapstone - Townsville,N/A,N/A,N/A
Scallop - saucer,Mapstone - Townsville,424,39783,"1,081.47"
Scallop - unspecified,Mapstone - Townsville,89,1541,24.98
Seabream - Collar,Mapstone - Townsville,N/A,N/A,N/A
Seahorse - unspecified,Mapstone - Townsville,N/A,N/A,N/A
Shark - fins unspecified,Mapstone - Townsville,8,39,0.07
Shark - unspecified,Mapstone - Townsville,127,2182,72.99
Shark - wobbegong,Mapstone - Townsville,N/A,N/A,N/A
Snapper - unspecified tropical,Mapstone - Townsville,N/A,N/A,N/A
Snapper (squire),Mapstone - Townsville,N/A,N/A,N/A
Squid - unspecified,Mapstone - Townsville,460,33251,138.23
Surf red fish,Mapstone - Townsville,N/A,N/A,N/A
Sweetlip - unspecified,Mapstone - Townsville,19,75,2.85
Threadfin - blue,Mapstone - Townsville,N/A,N/A,N/A
Threadfin - king,Mapstone - Townsville,N/A,N/A,N/A
Threadfin bream,Mapstone - Townsville,N/A,N/A,N/A
Trevally - black,Mapstone - Townsville,5,25,0.15
Trevally - unspecified,Mapstone - Townsville,14,24,0.79
Tuna - albacore,Mapstone - Townsville,N/A,N/A,N/A
Tuna - skipjack,Mapstone - Townsville,N/A,N/A,N/A
Tuna - unspecified,Mapstone - Townsville,N/A,N/A,N/A
Tusk fish - unspecified,Mapstone - Townsville,N/A,N/A,N/A
Unknown,Mapstone - Townsville,87,3685,228.02
Whiptail - false,Mapstone - Townsville,5,67,0.81
Whiting - stout,Mapstone - Townsville,8,35,10.49
Whiting - trumpeter,Mapstone - Townsville,14,65,0.32
Whiting - unspecified,Mapstone - Townsville,78,457,6.42
Wrasse - unspecified,Mapstone - Townsville,N/A,N/A,N/A
Amberjack,Mapstone - The swains,N/A,N/A,N/A
Bream - unspecified,Mapstone - The swains,N/A,N/A,N/A
Bug - honey,Mapstone - The swains,7,9,0.03
Bugs - Balmain,Mapstone - The swains,76,8545,23.58
Bugs - moreton bay,Mapstone - The swains,207,6157,148.07
Bugs - unspecified,Mapstone - The swains,22,269,4.84
Butter fish - striped,Mapstone - The swains,N/A,N/A,N/A
Butterflybream -  unspecified,Mapstone - The swains,21,129,3.57
Cod - bar,Mapstone - The swains,N/A,N/A,N/A
Cod - greasy,Mapstone - The swains,N/A,N/A,N/A
Cod - maori,Mapstone - The swains,N/A,N/A,N/A
Cod - unspecified,Mapstone - The swains,N/A,N/A,N/A
Coral trout,Mapstone - The swains,8,65,1.21
Crab - blue swimmer,Mapstone - The swains,73,301,1.55
Crab - Mud,Mapstone - The swains,N/A,N/A,N/A
Crab - three spot,Mapstone - The swains,9,44,0.35
Crab - unspecified,Mapstone - The swains,28,130,2.43
Cuttlefish,Mapstone - The swains,106,7614,37.35
Emperor - red,Mapstone - The swains,N/A,N/A,N/A
Emperor - red throat,Mapstone - The swains,N/A,N/A,N/A
Emperor - spangled,Mapstone - The swains,N/A,N/A,N/A
Fish - mixed reef,Mapstone - The swains,N/A,N/A,N/A
Fish - mixed reef a,Mapstone - The swains,8,54,3.75
Fish - unspecified,Mapstone - The swains,16,252,3.05
Goat fish,Mapstone - The swains,N/A,N/A,N/A
Hussar - unspecified,Mapstone - The swains,N/A,N/A,N/A
Jew fish - mulloway,Mapstone - The swains,N/A,N/A,N/A
Jew fish - silver,Mapstone - The swains,N/A,N/A,N/A
Jobfish - gold banded,Mapstone - The swains,N/A,N/A,N/A
Jobfish - green,Mapstone - The swains,N/A,N/A,N/A
Jobfish - rosy,Mapstone - The swains,N/A,N/A,N/A
Jobfish - unspecified,Mapstone - The swains,7,31,1.95
Kingfish - black,Mapstone - The swains,N/A,N/A,N/A
Lobster - champagne (red),Mapstone - The swains,66,10974,71.35
Lobster - cray tails,Mapstone - The swains,N/A,N/A,N/A
Lobster - slipper,Mapstone - The swains,N/A,N/A,N/A
Lobster - tropical rock,Mapstone - The swains,N/A,N/A,N/A
Lobster - unspecified,Mapstone - The swains,25,546,7.41
Mackerel - grey,Mapstone - The swains,N/A,N/A,N/A
Mackerel - spanish,Mapstone - The swains,N/A,N/A,N/A
Mackerel - unspecified,Mapstone - The swains,N/A,N/A,N/A
Mantis shrimp - unspecified,Mapstone - The swains,6,17,0.11
Nannygai - large mouth,Mapstone - The swains,N/A,N/A,N/A
Octopus - unspecified,Mapstone - The swains,43,671,2.3
Perch - pearl,Mapstone - The swains,N/A,N/A,N/A
Pipehorse - dunkers,Mapstone - The swains,15,40,0.01
Pipehorse - pallid,Mapstone - The swains,20,92,0.02
Prawn -  red spot & blue leg k,Mapstone - The swains,30,253,18.04
Prawn - banana,Mapstone - The swains,21,80,6.02
Prawn - bay,Mapstone - The swains,26,82,5.82
Prawn - blue leg king,Mapstone - The swains,12,36,2.78
Prawn - clicker,Mapstone - The swains,N/A,N/A,N/A
Prawn - coral,Mapstone - The swains,42,412,5.87
Prawn - eastern king,Mapstone - The swains,89,25290,"4,518.64"
Prawn - endeavour,Mapstone - The swains,50,240,19.68
Prawn - greasy,Mapstone - The swains,N/A,N/A,N/A
Prawn - hardback,Mapstone - The swains,N/A,N/A,N/A
Prawn - king,Mapstone - The swains,175,15907,"1,986.68"
Prawn - leader,Mapstone - The swains,N/A,N/A,N/A
Prawn - mixed bait,Mapstone - The swains,N/A,N/A,N/A
Prawn - red spot king,Mapstone - The swains,58,968,77.08
Prawn - school,Mapstone - The swains,N/A,N/A,N/A
Prawn - tiger,Mapstone - The swains,45,191,10.86
Prawn - unspecified,Mapstone - The swains,19,345,23.7
Ray - eastern fiddler,Mapstone - The swains,N/A,N/A,N/A
Samson fish,Mapstone - The swains,N/A,N/A,N/A
Scallop - mud,Mapstone - The swains,7,19,2.34
Scallop - saucer,Mapstone - The swains,186,2300,175.5
Scallop - unspecified,Mapstone - The swains,18,73,0.76
Shark - unspecified,Mapstone - The swains,12,266,5.93
Snapper (squire),Mapstone - The swains,N/A,N/A,N/A
Squid - unspecified,Mapstone - The swains,123,7275,22.93
Sweetlip - unspecified,Mapstone - The swains,N/A,N/A,N/A
Threadfin - king,Mapstone - The swains,N/A,N/A,N/A
Trevally - unspecified,Mapstone - The swains,N/A,N/A,N/A
Tusk fish - unspecified,Mapstone - The swains,N/A,N/A,N/A
Unknown,Mapstone - The swains,25,198,4.55
Whiting - stout,Mapstone - The swains,N/A,N/A,N/A
Whiting - trumpeter,Mapstone - The swains,N/A,N/A,N/A
Whiting - unspecified,Mapstone - The swains,N/A,N/A,N/A
Wrasse - sling-jaw,Mapstone - The swains,N/A,N/A,N/A
Amberjack,Mapstone - Sub tropical,20,89,2.36
Bait fish,Mapstone - Sub tropical,31,195,9.73
Barramundi,Mapstone - Sub tropical,N/A,N/A,N/A
Blue eye trevalla,Mapstone - Sub tropical,N/A,N/A,N/A
Bonito - unspecified,Mapstone - Sub tropical,N/A,N/A,N/A
Bream - black (luderick),Mapstone - Sub tropical,N/A,N/A,N/A
Bream - unspecified,Mapstone - Sub tropical,18,67,1.42
Bream - yellowfinned,Mapstone - Sub tropical,N/A,N/A,N/A
Bug - honey,Mapstone - Sub tropical,79,1058,22.06
Bugs - Balmain,Mapstone - Sub tropical,405,107704,"1,309.38"
Bugs - moreton bay,Mapstone - Sub tropical,659,125558,"1,815.99"
Bugs - unspecified,Mapstone - Sub tropical,202,3899,65.13
Butter fish - striped,Mapstone - Sub tropical,11,56,0.18
Butterflybream -  unspecified,Mapstone - Sub tropical,193,11209,81.53
Butterflybream - theodore's,Mapstone - Sub tropical,N/A,N/A,N/A
Cod - barramundi,Mapstone - Sub tropical,N/A,N/A,N/A
Cod - maori,Mapstone - Sub tropical,N/A,N/A,N/A
Cod - unspecified,Mapstone - Sub tropical,42,94,1.42
Coral trout,Mapstone - Sub tropical,26,61,0.88
Crab - blue swimmer,Mapstone - Sub tropical,647,197682,"1,861.68"
Crab - coral,Mapstone - Sub tropical,N/A,N/A,N/A
Crab - Mud,Mapstone - Sub tropical,68,358,2.25
Crab - spanner,Mapstone - Sub tropical,18,102,7.6
Crab - three spot,Mapstone - Sub tropical,396,42664,404.28
Crab - unspecified,Mapstone - Sub tropical,473,71387,"1,356.42"
Cuttlefish,Mapstone - Sub tropical,505,100405,495.47
Dolphin fish,Mapstone - Sub tropical,N/A,N/A,N/A
Eel (marine),Mapstone - Sub tropical,N/A,N/A,N/A
Emperor - red,Mapstone - Sub tropical,19,45,0.72
Emperor - red throat,Mapstone - Sub tropical,N/A,N/A,N/A
Emperor - spangled,Mapstone - Sub tropical,5,24,0.2
Fish - mixed reef,Mapstone - Sub tropical,N/A,N/A,N/A
Fish - mixed reef a,Mapstone - Sub tropical,100,1291,17.55
Fish - mixed reef b,Mapstone - Sub tropical,N/A,N/A,N/A
Fish - unspecified,Mapstone - Sub tropical,269,7358,129.38
Flathead - sand,Mapstone - Sub tropical,N/A,N/A,N/A
Flathead - unspecified,Mapstone - Sub tropical,127,4579,33.4
Flounder - unspecified,Mapstone - Sub tropical,53,1116,4.47
Garfish - unspecified,Mapstone - Sub tropical,N/A,N/A,N/A
Goat fish,Mapstone - Sub tropical,21,728,13.97
Greasy and School prawns,Mapstone - Sub tropical,N/A,N/A,N/A
Grinners,Mapstone - Sub tropical,N/A,N/A,N/A
Grunter - unspecified,Mapstone - Sub tropical,N/A,N/A,N/A
Hardyhead,Mapstone - Sub tropical,N/A,N/A,N/A
Herring - koningsberger's,Mapstone - Sub tropical,N/A,N/A,N/A
Hussar - unspecified,Mapstone - Sub tropical,N/A,N/A,N/A
Jew fish - mulloway,Mapstone - Sub tropical,32,65,1.46
Jew fish - silver,Mapstone - Sub tropical,N/A,N/A,N/A
Jew fish - unspecified,Mapstone - Sub tropical,15,129,1.43
Jobfish - unspecified,Mapstone - Sub tropical,N/A,N/A,N/A
Kingfish - black,Mapstone - Sub tropical,11,29,0.45
Kingfish - unspecified,Mapstone - Sub tropical,5,57,3.68
Kingfish - yellowtail,Mapstone - Sub tropical,20,238,22.8
Leather jacket/triggerfish,Mapstone - Sub tropical,N/A,N/A,N/A
Lobster - champagne (red),Mapstone - Sub tropical,211,3336,18.98
Lobster - cray tails,Mapstone - Sub tropical,N/A,N/A,N/A
Lobster - slipper,Mapstone - Sub tropical,148,1513,12.49
Lobster - tropical rock,Mapstone - Sub tropical,7,12,0.03
Lobster - unspecified,Mapstone - Sub tropical,41,171,1.09
Mackerel - grey,Mapstone - Sub tropical,10,64,0.25
Mackerel - school,Mapstone - Sub tropical,N/A,N/A,N/A
Mackerel - spanish,Mapstone - Sub tropical,N/A,N/A,N/A
Mackerel - spotted,Mapstone - Sub tropical,5,13,3.64
Mackerel - unspecified,Mapstone - Sub tropical,21,84,0.52
Mangrove jack,Mapstone - Sub tropical,6,24,0.44
Mantis shrimp - unspecified,Mapstone - Sub tropical,172,10103,91.58
Mullet - unspecified,Mapstone - Sub tropical,16,64,2.96
Nannygai - large mouth,Mapstone - Sub tropical,N/A,N/A,N/A
Nannygai - unspecified,Mapstone - Sub tropical,N/A,N/A,N/A
Octopus - unspecified,Mapstone - Sub tropical,380,55189,502.5
Painted sweetlip,Mapstone - Sub tropical,12,82,0.58
Perch - pearl,Mapstone - Sub tropical,26,128,3.52
Pilchard/sardine - unspecified,Mapstone - Sub tropical,N/A,N/A,N/A
Pipehorse - dunkers,Mapstone - Sub tropical,138,2166,1.22
Pipehorse - pallid,Mapstone - Sub tropical,113,1660,1.07
Prawn -  red spot & blue leg k,Mapstone - Sub tropical,116,1943,71.39
Prawn - banana,Mapstone - Sub tropical,472,60406,"4,013.80"
Prawn - bay,Mapstone - Sub tropical,419,155401,"6,697.37"
Prawn - blue leg king,Mapstone - Sub tropical,216,7249,233.37
Prawn - clicker,Mapstone - Sub tropical,59,1769,15.45
Prawn - coral,Mapstone - Sub tropical,271,7501,243.82
Prawn - eastern king,Mapstone - Sub tropical,476,290574,"37,372.82"
Prawn - endeavour,Mapstone - Sub tropical,502,38931,856.53
Prawn - greasy,Mapstone - Sub tropical,213,22243,"1,683.76"
Prawn - hardback,Mapstone - Sub tropical,43,654,12.3
Prawn - japanese king,Mapstone - Sub tropical,12,65,4.46
Prawn - king,Mapstone - Sub tropical,655,252983,"14,821.28"
Prawn - king+tiger,Mapstone - Sub tropical,10,284,8.26
Prawn - leader,Mapstone - Sub tropical,77,580,8.64
Prawn - mixed bait,Mapstone - Sub tropical,61,413,14.66
Prawn - red,Mapstone - Sub tropical,5,15,0.48
Prawn - red spot king,Mapstone - Sub tropical,123,899,57.98
Prawn - royal red,Mapstone - Sub tropical,8,21,2.25
Prawn - scarlet,Mapstone - Sub tropical,11,129,21.49
Prawn - school,Mapstone - Sub tropical,276,4408,683.19
Prawn - tiger,Mapstone - Sub tropical,640,214309,"6,670.96"
Prawn - unspecified,Mapstone - Sub tropical,332,31981,766.67
Queenfish - unspecified,Mapstone - Sub tropical,N/A,N/A,N/A
Ray - eastern fiddler,Mapstone - Sub tropical,79,1156,13.45
Ray - sting unspecified,Mapstone - Sub tropical,30,375,4.86
Samson fish,Mapstone - Sub tropical,5,45,0.96
Scad - unspecified,Mapstone - Sub tropical,N/A,N/A,N/A
Scallop - mud,Mapstone - Sub tropical,136,1124,56.36
Scallop - queen,Mapstone - Sub tropical,5,34,18.1
Scallop - saucer,Mapstone - Sub tropical,563,89145,"6,687.29"
Scallop - unspecified,Mapstone - Sub tropical,177,2844,150.21
Seabream - Collar,Mapstone - Sub tropical,N/A,N/A,N/A
Seahorse - unspecified,Mapstone - Sub tropical,N/A,N/A,N/A
Shark - australian blacktip,Mapstone - Sub tropical,N/A,N/A,N/A
Shark - fins unspecified,Mapstone - Sub tropical,N/A,N/A,N/A
Shark - unspecified,Mapstone - Sub tropical,243,9081,89.01
Silver biddies,Mapstone - Sub tropical,6,72,0.72
Snapper - unspecified tropical,Mapstone - Sub tropical,9,53,1.31
Snapper (squire),Mapstone - Sub tropical,61,419,13.22
Spinefoot,Mapstone - Sub tropical,10,305,4.35
Squid - unspecified,Mapstone - Sub tropical,629,230045,"3,713"
striped seapike,Mapstone - Sub tropical,5,21,0.18
Sweetlip - unspecified,Mapstone - Sub tropical,16,28,0.59
Tailor,Mapstone - Sub tropical,6,208,6.02
Threadfin - blue,Mapstone - Sub tropical,11,35,0.37
Threadfin - striped,Mapstone - Sub tropical,N/A,N/A,N/A
Threadfin - unspecified,Mapstone - Sub tropical,N/A,N/A,N/A
Threadfin bream,Mapstone - Sub tropical,N/A,N/A,N/A
Trevally - giant,Mapstone - Sub tropical,N/A,N/A,N/A
Trevally - unspecified,Mapstone - Sub tropical,24,1016,28.63
Tuna - albacore,Mapstone - Sub tropical,N/A,N/A,N/A
Tuna - skipjack,Mapstone - Sub tropical,26,149,8.94
Tuna - unspecified,Mapstone - Sub tropical,34,524,32.32
Tuna - yellowfin,Mapstone - Sub tropical,N/A,N/A,N/A
Tusk fish - unspecified,Mapstone - Sub tropical,17,39,0.92
Unknown,Mapstone - Sub tropical,192,5643,158.65
Weever - bar-faced,Mapstone - Sub tropical,N/A,N/A,N/A
Whiptail - false,Mapstone - Sub tropical,9,69,1.49
Whiting - stout,Mapstone - Sub tropical,98,9908,"12,123.26"
Whiting - summer,Mapstone - Sub tropical,48,506,52.74
Whiting - trumpeter,Mapstone - Sub tropical,162,11181,974.86
Whiting - unspecified,Mapstone - Sub tropical,286,30911,"1,734.19"
Yellowtail Scad,Mapstone - Sub tropical,5,315,16.71
Amberjack,Mapstone - Mackay,N/A,N/A,N/A
Bait fish,Mapstone - Mackay,6,162,2.67
Barramundi,Mapstone - Mackay,N/A,N/A,N/A
Bream - bony (herring),Mapstone - Mackay,N/A,N/A,N/A
Bream - unspecified,Mapstone - Mackay,N/A,N/A,N/A
Bugs - Balmain,Mapstone - Mackay,93,1615,48.12
Bugs - moreton bay,Mapstone - Mackay,467,47939,"1,723.38"
Bugs - unspecified,Mapstone - Mackay,63,1542,48.58
Butterflybream -  unspecified,Mapstone - Mackay,56,1727,23.12
Cod - unspecified,Mapstone - Mackay,14,29,0.75
Coral trout,Mapstone - Mackay,25,290,8.22
Crab - blue swimmer,Mapstone - Mackay,189,5422,40.8
Crab - coral,Mapstone - Mackay,N/A,N/A,N/A
Crab - Mud,Mapstone - Mackay,6,28,1.16
Crab - spanner,Mapstone - Mackay,N/A,N/A,N/A
Crab - three spot,Mapstone - Mackay,29,393,2.19
Crab - unspecified,Mapstone - Mackay,115,3455,57.42
Cuttlefish,Mapstone - Mackay,176,8979,48.98
Dart - unspecified,Mapstone - Mackay,N/A,N/A,N/A
Emperor - red,Mapstone - Mackay,17,39,1.12
Emperor - red throat,Mapstone - Mackay,6,78,1.13
Emperor - spangled,Mapstone - Mackay,5,14,0.42
Fish - mixed reef,Mapstone - Mackay,N/A,N/A,N/A
Fish - mixed reef a,Mapstone - Mackay,11,68,3.31
Fish - mixed reef b,Mapstone - Mackay,5,33,0.16
Fish - unspecified,Mapstone - Mackay,52,720,17.55
Flathead - unspecified,Mapstone - Mackay,8,83,0.59
Flounder - unspecified,Mapstone - Mackay,N/A,N/A,N/A
Goat fish,Mapstone - Mackay,7,101,0.33
Grunter - unspecified,Mapstone - Mackay,N/A,N/A,N/A
Herring - wolf,Mapstone - Mackay,N/A,N/A,N/A
Jew fish - mulloway,Mapstone - Mackay,23,150,4.22
Jew fish - silver,Mapstone - Mackay,N/A,N/A,N/A
Jew fish - unspecified,Mapstone - Mackay,10,36,2.71
Kingfish - black,Mapstone - Mackay,N/A,N/A,N/A
Lobster - champagne (red),Mapstone - Mackay,16,223,33.87
Lobster - slipper,Mapstone - Mackay,5,16,0.63
Lobster - tropical rock,Mapstone - Mackay,N/A,N/A,N/A
Lobster - unspecified,Mapstone - Mackay,N/A,N/A,N/A
Mackerel - grey,Mapstone - Mackay,5,12,0.21
Mackerel - shark,Mapstone - Mackay,N/A,N/A,N/A
Mackerel - spanish,Mapstone - Mackay,N/A,N/A,N/A
Mackerel - unspecified,Mapstone - Mackay,6,25,0.63
Mangrove jack,Mapstone - Mackay,N/A,N/A,N/A
Mantis shrimp - unspecified,Mapstone - Mackay,17,246,0.91
Mullet - unspecified,Mapstone - Mackay,N/A,N/A,N/A
Nannygai - large mouth,Mapstone - Mackay,9,23,0.38
Nannygai - unspecified,Mapstone - Mackay,N/A,N/A,N/A
Octopus - unspecified,Mapstone - Mackay,93,2200,6.9
Painted sweetlip,Mapstone - Mackay,N/A,N/A,N/A
Perch - pearl,Mapstone - Mackay,N/A,N/A,N/A
Pipehorse - dunkers,Mapstone - Mackay,42,1026,0.2
Pipehorse - pallid,Mapstone - Mackay,52,563,0.63
Pomfret - unspecified,Mapstone - Mackay,N/A,N/A,N/A
Prawn -  red spot & blue leg k,Mapstone - Mackay,128,4413,336.5
Prawn - banana,Mapstone - Mackay,303,12804,"2,304.45"
Prawn - bay,Mapstone - Mackay,79,734,51
Prawn - blue leg king,Mapstone - Mackay,182,13418,"1,780.65"
Prawn - clicker,Mapstone - Mackay,N/A,N/A,N/A
Prawn - coral,Mapstone - Mackay,232,11526,312.55
Prawn - eastern king,Mapstone - Mackay,152,2192,183.24
Prawn - endeavour,Mapstone - Mackay,369,9038,167.74
Prawn - greasy,Mapstone - Mackay,12,42,1.82
Prawn - japanese king,Mapstone - Mackay,N/A,N/A,N/A
Prawn - king,Mapstone - Mackay,420,29740,"1,864.46"
Prawn - leader,Mapstone - Mackay,20,101,1.29
Prawn - mixed bait,Mapstone - Mackay,6,216,2.19
Prawn - red,Mapstone - Mackay,N/A,N/A,N/A
Prawn - red spot king,Mapstone - Mackay,156,12015,"1,038.55"
Prawn - royal red,Mapstone - Mackay,N/A,N/A,N/A
Prawn - scarlet,Mapstone - Mackay,N/A,N/A,N/A
Prawn - school,Mapstone - Mackay,7,13,0.22
Prawn - tiger,Mapstone - Mackay,434,21200,"1,110.14"
Prawn - unspecified,Mapstone - Mackay,96,1711,34.07
Queenfish - unspecified,Mapstone - Mackay,N/A,N/A,N/A
Ray - eastern fiddler,Mapstone - Mackay,5,62,1.24
Ray - sting unspecified,Mapstone - Mackay,N/A,N/A,N/A
Scallop - mud,Mapstone - Mackay,79,1003,41.16
Scallop - saucer,Mapstone - Mackay,285,10007,"1,245.85"
Scallop - unspecified,Mapstone - Mackay,33,248,4.44
Shark - fins unspecified,Mapstone - Mackay,N/A,N/A,N/A
Shark - unspecified,Mapstone - Mackay,45,472,7.66
Snapper - unspecified tropical,Mapstone - Mackay,N/A,N/A,N/A
Snapper (squire),Mapstone - Mackay,7,15,2.43
Squid - unspecified,Mapstone - Mackay,234,11846,44.2
Sweetlip - unspecified,Mapstone - Mackay,11,32,1.72
Threadfin - blue,Mapstone - Mackay,N/A,N/A,N/A
Threadfin - unspecified,Mapstone - Mackay,N/A,N/A,N/A
Trevally - black,Mapstone - Mackay,N/A,N/A,N/A
Trevally - unspecified,Mapstone - Mackay,5,8,0.48
Tuna - skipjack,Mapstone - Mackay,8,35,3.63
Tuna - unspecified,Mapstone - Mackay,N/A,N/A,N/A
Tusk fish - unspecified,Mapstone - Mackay,N/A,N/A,N/A
Unknown,Mapstone - Mackay,36,594,42.88
Whiptail - false,Mapstone - Mackay,N/A,N/A,N/A
Whiting - stout,Mapstone - Mackay,N/A,N/A,N/A
Whiting - summer,Mapstone - Mackay,N/A,N/A,N/A
Whiting - trumpeter,Mapstone - Mackay,7,31,0.34
Whiting - unspecified,Mapstone - Mackay,21,168,1.77
Wrasse - unspecified,Mapstone - Mackay,N/A,N/A,N/A
Bugs - moreton bay,Mapstone - Gulf of carpentaria,23,53,0.39
Bugs - unspecified,Mapstone - Gulf of carpentaria,N/A,N/A,N/A
Coral trout,Mapstone - Gulf of carpentaria,N/A,N/A,N/A
Crab - Mud,Mapstone - Gulf of carpentaria,N/A,N/A,N/A
Cuttlefish,Mapstone - Gulf of carpentaria,N/A,N/A,N/A
Fish - unspecified,Mapstone - Gulf of carpentaria,N/A,N/A,N/A
Mackerel - grey,Mapstone - Gulf of carpentaria,N/A,N/A,N/A
Mackerel - spanish,Mapstone - Gulf of carpentaria,N/A,N/A,N/A
Octopus - unspecified,Mapstone - Gulf of carpentaria,N/A,N/A,N/A
Prawn -  red spot & blue leg k,Mapstone - Gulf of carpentaria,N/A,N/A,N/A
Prawn - banana,Mapstone - Gulf of carpentaria,N/A,N/A,N/A
Prawn - coral,Mapstone - Gulf of carpentaria,N/A,N/A,N/A
Prawn - eastern king,Mapstone - Gulf of carpentaria,N/A,N/A,N/A
Prawn - endeavour,Mapstone - Gulf of carpentaria,42,144,9.03
Prawn - king,Mapstone - Gulf of carpentaria,11,31,1.73
Prawn - red spot king,Mapstone - Gulf of carpentaria,N/A,N/A,N/A
Prawn - tiger,Mapstone - Gulf of carpentaria,43,170,18.7
Prawn - unspecified,Mapstone - Gulf of carpentaria,N/A,N/A,N/A
Scallop - mud,Mapstone - Gulf of carpentaria,N/A,N/A,N/A
Scallop - saucer,Mapstone - Gulf of carpentaria,N/A,N/A,N/A
Squid - unspecified,Mapstone - Gulf of carpentaria,8,11,0.07
Unknown,Mapstone - Gulf of carpentaria,N/A,N/A,N/A
Amberjack,Mapstone - Far northern,N/A,N/A,N/A
Bait fish,Mapstone - Far northern,8,25,0.67
Bug - honey,Mapstone - Far northern,5,19,0.06
Bugs - Balmain,Mapstone - Far northern,114,5977,29.49
Bugs - moreton bay,Mapstone - Far northern,358,77776,452.81
Bugs - unspecified,Mapstone - Far northern,119,3485,17.51
Butterflybream -  unspecified,Mapstone - Far northern,54,4085,17.12
Cod - unspecified,Mapstone - Far northern,6,17,0.23
Coral trout,Mapstone - Far northern,28,184,4.31
Crab - blue swimmer,Mapstone - Far northern,98,2903,5.85
Crab - coral,Mapstone - Far northern,N/A,N/A,N/A
Crab - Mud,Mapstone - Far northern,7,33,0.07
Crab - three spot,Mapstone - Far northern,20,128,2.31
Crab - unspecified,Mapstone - Far northern,42,626,1.58
Cuttlefish,Mapstone - Far northern,154,9387,26.57
Emperor - red,Mapstone - Far northern,8,17,0.84
Emperor - red throat,Mapstone - Far northern,N/A,N/A,N/A
Emperor - spangled,Mapstone - Far northern,N/A,N/A,N/A
Fish - mixed reef,Mapstone - Far northern,N/A,N/A,N/A
Fish - mixed reef a,Mapstone - Far northern,5,32,0.36
Fish - mixed reef b,Mapstone - Far northern,N/A,N/A,N/A
Fish - unspecified,Mapstone - Far northern,62,638,10.68
Flathead - unspecified,Mapstone - Far northern,N/A,N/A,N/A
Flounder - unspecified,Mapstone - Far northern,N/A,N/A,N/A
Goat fish,Mapstone - Far northern,9,131,0.66
Jew fish - mulloway,Mapstone - Far northern,N/A,N/A,N/A
Jew fish - silver,Mapstone - Far northern,N/A,N/A,N/A
Jew fish - unspecified,Mapstone - Far northern,N/A,N/A,N/A
Jobfish - unspecified,Mapstone - Far northern,N/A,N/A,N/A
Kingfish - black,Mapstone - Far northern,N/A,N/A,N/A
Lobster - champagne (red),Mapstone - Far northern,11,35,0.07
Lobster - cray tails,Mapstone - Far northern,53,396,39.93
Lobster - slipper,Mapstone - Far northern,N/A,N/A,N/A
Lobster - tropical rock,Mapstone - Far northern,37,684,7
Lobster - unspecified,Mapstone - Far northern,40,843,41.4
Mackerel - grey,Mapstone - Far northern,9,36,0.54
Mackerel - spanish,Mapstone - Far northern,N/A,N/A,N/A
Mackerel - unspecified,Mapstone - Far northern,34,172,3.49
Mangrove jack,Mapstone - Far northern,N/A,N/A,N/A
Mantis shrimp - unspecified,Mapstone - Far northern,20,141,0.52
Nannygai - large mouth,Mapstone - Far northern,N/A,N/A,N/A
Nannygai - unspecified,Mapstone - Far northern,N/A,N/A,N/A
Octopus - unspecified,Mapstone - Far northern,139,5750,13.57
Perch - pearl,Mapstone - Far northern,N/A,N/A,N/A
Pink fish,Mapstone - Far northern,N/A,N/A,N/A
Pipehorse - dunkers,Mapstone - Far northern,N/A,N/A,N/A
Pipehorse - pallid,Mapstone - Far northern,N/A,N/A,N/A
Pomfret - unspecified,Mapstone - Far northern,N/A,N/A,N/A
Prawn -  red spot & blue leg k,Mapstone - Far northern,146,5523,227.86
Prawn - banana,Mapstone - Far northern,157,753,33.22
Prawn - bay,Mapstone - Far northern,46,161,3.17
Prawn - blue leg king,Mapstone - Far northern,144,14613,319.23
Prawn - clicker,Mapstone - Far northern,N/A,N/A,N/A
Prawn - coral,Mapstone - Far northern,26,404,6.92
Prawn - eastern king,Mapstone - Far northern,157,5891,127.68
Prawn - endeavour,Mapstone - Far northern,428,169670,"10,776.17"
Prawn - greasy,Mapstone - Far northern,N/A,N/A,N/A
Prawn - hardback,Mapstone - Far northern,N/A,N/A,N/A
Prawn - japanese king,Mapstone - Far northern,N/A,N/A,N/A
Prawn - king,Mapstone - Far northern,337,43307,"1,229.15"
Prawn - leader,Mapstone - Far northern,19,65,0.3
Prawn - mixed bait,Mapstone - Far northern,6,7,0.67
Prawn - red,Mapstone - Far northern,N/A,N/A,N/A
Prawn - red spot king,Mapstone - Far northern,155,11710,794.67
Prawn - scarlet,Mapstone - Far northern,N/A,N/A,N/A
Prawn - school,Mapstone - Far northern,N/A,N/A,N/A
Prawn - tiger,Mapstone - Far northern,428,170858,"13,358.78"
Prawn - unspecified,Mapstone - Far northern,97,2866,120.96
Queenfish - unspecified,Mapstone - Far northern,N/A,N/A,N/A
Queensland halibut,Mapstone - Far northern,N/A,N/A,N/A
Ray - eastern fiddler,Mapstone - Far northern,N/A,N/A,N/A
Scallop - mud,Mapstone - Far northern,79,3301,76.37
Scallop - queen,Mapstone - Far northern,N/A,N/A,N/A
Scallop - saucer,Mapstone - Far northern,61,445,23.79
Scallop - unspecified,Mapstone - Far northern,12,50,0.71
Seahorse - unspecified,Mapstone - Far northern,N/A,N/A,N/A
Shark - eastern shovel nose,Mapstone - Far northern,N/A,N/A,N/A
Shark - fins unspecified,Mapstone - Far northern,5,8,0.02
Shark - unspecified,Mapstone - Far northern,59,1047,39.16
Squid - unspecified,Mapstone - Far northern,268,21169,69.36
Sweetlip - unspecified,Mapstone - Far northern,6,13,0.23
Tailor,Mapstone - Far northern,N/A,N/A,N/A
Trevally - black,Mapstone - Far northern,N/A,N/A,N/A
Trevally - unspecified,Mapstone - Far northern,7,17,0.28
Tuna - albacore,Mapstone - Far northern,N/A,N/A,N/A
Tuna - skipjack,Mapstone - Far northern,N/A,N/A,N/A
Tuna - unspecified,Mapstone - Far northern,N/A,N/A,N/A
Unknown,Mapstone - Far northern,31,534,8.06
Whiptail - false,Mapstone - Far northern,N/A,N/A,N/A
Whiting - stout,Mapstone - Far northern,N/A,N/A,N/A
Whiting - trumpeter,Mapstone - Far northern,5,19,0.08
Whiting - unspecified,Mapstone - Far northern,18,98,1.13
Bugs - Balmain,Mapstone - Eastern torres strait,N/A,N/A,N/A
Bugs - moreton bay,Mapstone - Eastern torres strait,39,604,3.47
Bugs - unspecified,Mapstone - Eastern torres strait,N/A,N/A,N/A
Coral trout,Mapstone - Eastern torres strait,N/A,N/A,N/A
Crab - blue swimmer,Mapstone - Eastern torres strait,N/A,N/A,N/A
Crab - unspecified,Mapstone - Eastern torres strait,N/A,N/A,N/A
Cuttlefish,Mapstone - Eastern torres strait,5,67,0.13
Fish - unspecified,Mapstone - Eastern torres strait,N/A,N/A,N/A
Guitarfishes - shovelnose unsp,Mapstone - Eastern torres strait,N/A,N/A,N/A
Lobster - unspecified,Mapstone - Eastern torres strait,N/A,N/A,N/A
Mackerel - unspecified,Mapstone - Eastern torres strait,N/A,N/A,N/A
Octopus - unspecified,Mapstone - Eastern torres strait,N/A,N/A,N/A
Prawn -  red spot & blue leg k,Mapstone - Eastern torres strait,6,101,2.74
Prawn - banana,Mapstone - Eastern torres strait,5,5,0.3
Prawn - bay,Mapstone - Eastern torres strait,N/A,N/A,N/A
Prawn - blue leg king,Mapstone - Eastern torres strait,N/A,N/A,N/A
Prawn - coral,Mapstone - Eastern torres strait,N/A,N/A,N/A
Prawn - eastern king,Mapstone - Eastern torres strait,N/A,N/A,N/A
Prawn - endeavour,Mapstone - Eastern torres strait,67,1113,112.81
Prawn - king,Mapstone - Eastern torres strait,27,279,5.61
Prawn - red spot king,Mapstone - Eastern torres strait,N/A,N/A,N/A
Prawn - tiger,Mapstone - Eastern torres strait,66,1119,69.11
Prawn - unspecified,Mapstone - Eastern torres strait,N/A,N/A,N/A
Scallop - mud,Mapstone - Eastern torres strait,N/A,N/A,N/A
Scallop - saucer,Mapstone - Eastern torres strait,N/A,N/A,N/A
Shark - unspecified,Mapstone - Eastern torres strait,N/A,N/A,N/A
Squid - unspecified,Mapstone - Eastern torres strait,11,163,0.31
Whiting - unspecified,Mapstone - Eastern torres strait,N/A,N/A,N/A
Amberjack,Mapstone - Capricorn bunker,N/A,N/A,N/A
Bait fish,Mapstone - Capricorn bunker,11,29,0.55
Barramundi,Mapstone - Capricorn bunker,N/A,N/A,N/A
Bat fish - hump headed,Mapstone - Capricorn bunker,N/A,N/A,N/A
Bream - black (luderick),Mapstone - Capricorn bunker,N/A,N/A,N/A
Bream - unspecified,Mapstone - Capricorn bunker,N/A,N/A,N/A
Bug - honey,Mapstone - Capricorn bunker,26,191,6.98
Bugs - Balmain,Mapstone - Capricorn bunker,242,27289,246.67
Bugs - moreton bay,Mapstone - Capricorn bunker,520,141138,"5,185.76"
Bugs - unspecified,Mapstone - Capricorn bunker,134,3386,63.88
Butter fish - striped,Mapstone - Capricorn bunker,N/A,N/A,N/A
Butterflybream -  unspecified,Mapstone - Capricorn bunker,90,3276,39.55
Cod - coral,Mapstone - Capricorn bunker,N/A,N/A,N/A
Cod - maori,Mapstone - Capricorn bunker,N/A,N/A,N/A
Cod - unspecified,Mapstone - Capricorn bunker,59,184,2.33
Coral trout,Mapstone - Capricorn bunker,60,356,7.42
Crab - blue swimmer,Mapstone - Capricorn bunker,408,44002,292.3
Crab - coral,Mapstone - Capricorn bunker,N/A,N/A,N/A
Crab - Mud,Mapstone - Capricorn bunker,15,79,1.83
Crab - spanner,Mapstone - Capricorn bunker,9,70,15.21
Crab - three spot,Mapstone - Capricorn bunker,131,1247,8.86
Crab - unspecified,Mapstone - Capricorn bunker,316,22680,275.19
Cuttlefish,Mapstone - Capricorn bunker,319,42860,222.42
Dolphin fish,Mapstone - Capricorn bunker,N/A,N/A,N/A
Emperor - red,Mapstone - Capricorn bunker,45,262,5.36
Emperor - red throat,Mapstone - Capricorn bunker,16,98,1.99
Emperor - reticulated,Mapstone - Capricorn bunker,N/A,N/A,N/A
Emperor - spangled,Mapstone - Capricorn bunker,10,59,0.92
Fish - mixed reef,Mapstone - Capricorn bunker,7,79,1.5
Fish - mixed reef a,Mapstone - Capricorn bunker,41,537,10.75
Fish - mixed reef b,Mapstone - Capricorn bunker,N/A,N/A,N/A
Fish - unspecified,Mapstone - Capricorn bunker,139,2376,35.22
Fish - wings unspecified,Mapstone - Capricorn bunker,N/A,N/A,N/A
Flathead - unspecified,Mapstone - Capricorn bunker,15,60,0.26
Flounder - unspecified,Mapstone - Capricorn bunker,N/A,N/A,N/A
Goat fish,Mapstone - Capricorn bunker,7,28,0.29
Grunter - unspecified,Mapstone - Capricorn bunker,N/A,N/A,N/A
Herring - wolf,Mapstone - Capricorn bunker,N/A,N/A,N/A
Hussar - unspecified,Mapstone - Capricorn bunker,N/A,N/A,N/A
Jew fish - mulloway,Mapstone - Capricorn bunker,33,246,6.67
Jew fish - silver,Mapstone - Capricorn bunker,13,31,2.46
Jew fish - unspecified,Mapstone - Capricorn bunker,19,79,3.27
Jobfish - rosy,Mapstone - Capricorn bunker,N/A,N/A,N/A
Jobfish - unspecified,Mapstone - Capricorn bunker,6,17,0.16
Kingfish - black,Mapstone - Capricorn bunker,7,15,0.45
Kingfish - unspecified,Mapstone - Capricorn bunker,N/A,N/A,N/A
Kingfish - yellowtail,Mapstone - Capricorn bunker,N/A,N/A,N/A
Lobster - champagne (red),Mapstone - Capricorn bunker,91,11841,90.93
Lobster - cray tails,Mapstone - Capricorn bunker,N/A,N/A,N/A
Lobster - slipper,Mapstone - Capricorn bunker,58,438,2.59
Lobster - tropical rock,Mapstone - Capricorn bunker,N/A,N/A,N/A
Lobster - unspecified,Mapstone - Capricorn bunker,30,414,4.93
Mackerel - grey,Mapstone - Capricorn bunker,10,65,1.57
Mackerel - spanish,Mapstone - Capricorn bunker,10,85,2.04
Mackerel - spotted,Mapstone - Capricorn bunker,N/A,N/A,N/A
Mackerel - unspecified,Mapstone - Capricorn bunker,17,135,2.26
Mangrove jack,Mapstone - Capricorn bunker,N/A,N/A,N/A
Mantis shrimp - unspecified,Mapstone - Capricorn bunker,33,120,3.61
Mullet - unspecified,Mapstone - Capricorn bunker,7,17,0.62
Nannygai - large mouth,Mapstone - Capricorn bunker,7,11,0.28
Nannygai - unspecified,Mapstone - Capricorn bunker,N/A,N/A,N/A
Octopus - unspecified,Mapstone - Capricorn bunker,169,3837,16.2
Painted sweetlip,Mapstone - Capricorn bunker,8,20,0.31
Perch - pearl,Mapstone - Capricorn bunker,6,10,0.26
Pipehorse - dunkers,Mapstone - Capricorn bunker,105,3139,0.68
Pipehorse - pallid,Mapstone - Capricorn bunker,99,2610,1.27
Pomfret - unspecified,Mapstone - Capricorn bunker,N/A,N/A,N/A
Prawn -  red spot & blue leg k,Mapstone - Capricorn bunker,99,1509,70.94
Prawn - banana,Mapstone - Capricorn bunker,340,24051,"5,064.57"
Prawn - bay,Mapstone - Capricorn bunker,149,2314,75.77
Prawn - blue leg king,Mapstone - Capricorn bunker,146,3835,67.31
Prawn - clicker,Mapstone - Capricorn bunker,5,29,0.83
Prawn - coral,Mapstone - Capricorn bunker,254,7578,282.73
Prawn - eastern king,Mapstone - Capricorn bunker,286,71401,"11,884.11"
Prawn - endeavour,Mapstone - Capricorn bunker,372,10401,436.65
Prawn - greasy,Mapstone - Capricorn bunker,37,367,16.31
Prawn - hardback,Mapstone - Capricorn bunker,N/A,N/A,N/A
Prawn - japanese king,Mapstone - Capricorn bunker,N/A,N/A,N/A
Prawn - king,Mapstone - Capricorn bunker,438,47932,"4,373.99"
Prawn - leader,Mapstone - Capricorn bunker,54,310,1.26
Prawn - mixed bait,Mapstone - Capricorn bunker,17,64,1.15
Prawn - red,Mapstone - Capricorn bunker,6,18,0.43
Prawn - red spot king,Mapstone - Capricorn bunker,181,7248,227.13
Prawn - royal red,Mapstone - Capricorn bunker,5,82,21.35
Prawn - scarlet,Mapstone - Capricorn bunker,N/A,N/A,N/A
Prawn - school,Mapstone - Capricorn bunker,26,93,4.99
Prawn - tiger,Mapstone - Capricorn bunker,406,12832,512.77
Prawn - unspecified,Mapstone - Capricorn bunker,125,1269,57.99
Queenfish - unspecified,Mapstone - Capricorn bunker,N/A,N/A,N/A
Ray - eastern fiddler,Mapstone - Capricorn bunker,19,128,2.07
Ray - sting unspecified,Mapstone - Capricorn bunker,N/A,N/A,N/A
Scad - unspecified,Mapstone - Capricorn bunker,N/A,N/A,N/A
Scallop - mud,Mapstone - Capricorn bunker,105,846,84.01
Scallop - queen,Mapstone - Capricorn bunker,N/A,N/A,N/A
Scallop - saucer,Mapstone - Capricorn bunker,519,160063,"12,794.85"
Scallop - unspecified,Mapstone - Capricorn bunker,172,6556,397.84
Seabream - Collar,Mapstone - Capricorn bunker,N/A,N/A,N/A
Seahorse - unspecified,Mapstone - Capricorn bunker,N/A,N/A,N/A
Shark - australian blacktip,Mapstone - Capricorn bunker,N/A,N/A,N/A
Shark - fins unspecified,Mapstone - Capricorn bunker,6,20,0.06
Shark - unspecified,Mapstone - Capricorn bunker,95,1451,35.48
Snapper - unspecified tropical,Mapstone - Capricorn bunker,14,51,1.05
Snapper (squire),Mapstone - Capricorn bunker,10,43,1.79
Squid - unspecified,Mapstone - Capricorn bunker,390,36344,156.01
striped seapike,Mapstone - Capricorn bunker,N/A,N/A,N/A
Sweetlip - unspecified,Mapstone - Capricorn bunker,20,122,1
Tailor,Mapstone - Capricorn bunker,N/A,N/A,N/A
Threadfin - blue,Mapstone - Capricorn bunker,6,35,0.52
Threadfin - king,Mapstone - Capricorn bunker,N/A,N/A,N/A
Threadfin - unspecified,Mapstone - Capricorn bunker,5,25,0.17
Trevally - black,Mapstone - Capricorn bunker,6,18,0.08
Trevally - unspecified,Mapstone - Capricorn bunker,9,16,0.53
Tuna - skipjack,Mapstone - Capricorn bunker,N/A,N/A,N/A
Tuna - unspecified,Mapstone - Capricorn bunker,N/A,N/A,N/A
Tuna - yellowfin,Mapstone - Capricorn bunker,N/A,N/A,N/A
Tusk fish - unspecified,Mapstone - Capricorn bunker,18,67,0.62
Unknown,Mapstone - Capricorn bunker,104,4485,415.75
Whiting - stout,Mapstone - Capricorn bunker,13,76,56.6
Whiting - summer,Mapstone - Capricorn bunker,N/A,N/A,N/A
Whiting - trumpeter,Mapstone - Capricorn bunker,12,63,77.59
Whiting - unspecified,Mapstone - Capricorn bunker,72,434,8.74
Yellowtail Scad,Mapstone - Capricorn bunker,N/A,N/A,N/A
Amberjack,Mapstone - Cairns,N/A,N/A,N/A
Bait fish,Mapstone - Cairns,7,27,0.91
Barramundi,Mapstone - Cairns,N/A,N/A,N/A
Bug - honey,Mapstone - Cairns,6,19,0.36
Bugs - Balmain,Mapstone - Cairns,144,6236,17.03
Bugs - moreton bay,Mapstone - Cairns,416,81172,312.41
Bugs - unspecified,Mapstone - Cairns,112,3016,9.25
Butterflybream -  unspecified,Mapstone - Cairns,70,5444,25.39
Cod - unspecified,Mapstone - Cairns,11,25,0.3
Coral trout,Mapstone - Cairns,28,151,3.56
Crab - blue swimmer,Mapstone - Cairns,137,5239,11.1
Crab - coral,Mapstone - Cairns,N/A,N/A,N/A
Crab - Mud,Mapstone - Cairns,16,81,2.98
Crab - three spot,Mapstone - Cairns,25,147,2.52
Crab - unspecified,Mapstone - Cairns,69,1652,11.14
Cuttlefish,Mapstone - Cairns,170,13344,29.15
Emperor - red,Mapstone - Cairns,12,27,1.2
Emperor - red throat,Mapstone - Cairns,N/A,N/A,N/A
Emperor - reticulated,Mapstone - Cairns,N/A,N/A,N/A
Emperor - spangled,Mapstone - Cairns,N/A,N/A,N/A
Fish - mixed reef,Mapstone - Cairns,5,17,0.2
Fish - mixed reef a,Mapstone - Cairns,8,62,2.3
Fish - unspecified,Mapstone - Cairns,55,1104,28.38
Flathead - unspecified,Mapstone - Cairns,N/A,N/A,N/A
Flounder - unspecified,Mapstone - Cairns,N/A,N/A,N/A
Garfish - unspecified,Mapstone - Cairns,N/A,N/A,N/A
Gemfish,Mapstone - Cairns,N/A,N/A,N/A
Goat fish,Mapstone - Cairns,12,346,2.28
Grunter - unspecified,Mapstone - Cairns,N/A,N/A,N/A
Jew fish - mulloway,Mapstone - Cairns,N/A,N/A,N/A
Jew fish - silver,Mapstone - Cairns,N/A,N/A,N/A
Kingfish - black,Mapstone - Cairns,N/A,N/A,N/A
Kingfish - unspecified,Mapstone - Cairns,N/A,N/A,N/A
Kingfish - yellowtail,Mapstone - Cairns,N/A,N/A,N/A
Lobster - champagne (red),Mapstone - Cairns,23,67,0.24
Lobster - cray tails,Mapstone - Cairns,8,14,0.18
Lobster - slipper,Mapstone - Cairns,5,11,0.02
Lobster - unspecified,Mapstone - Cairns,11,48,0.44
Mackerel - grey,Mapstone - Cairns,7,23,0.3
Mackerel - school,Mapstone - Cairns,N/A,N/A,N/A
Mackerel - spanish,Mapstone - Cairns,5,27,1.15
Mackerel - unspecified,Mapstone - Cairns,26,190,4.74
Mangrove jack,Mapstone - Cairns,N/A,N/A,N/A
Mantis shrimp - unspecified,Mapstone - Cairns,35,726,1.74
Nannygai - large mouth,Mapstone - Cairns,N/A,N/A,N/A
Nannygai - unspecified,Mapstone - Cairns,6,11,0.57
Octopus - unspecified,Mapstone - Cairns,157,7264,13.34
Perch - moses,Mapstone - Cairns,N/A,N/A,N/A
Perch - pearl,Mapstone - Cairns,N/A,N/A,N/A
Pink fish,Mapstone - Cairns,N/A,N/A,N/A
Pipehorse - dunkers,Mapstone - Cairns,N/A,N/A,N/A
Pipehorse - pallid,Mapstone - Cairns,6,18,0
Pomfret - unspecified,Mapstone - Cairns,N/A,N/A,N/A
Prawn -  red spot & blue leg k,Mapstone - Cairns,125,2603,56.05
Prawn - banana,Mapstone - Cairns,292,6391,417.21
Prawn - bay,Mapstone - Cairns,60,538,9.89
Prawn - blue leg king,Mapstone - Cairns,144,16144,330.77
Prawn - coral,Mapstone - Cairns,31,770,6.34
Prawn - eastern king,Mapstone - Cairns,161,5306,122.23
Prawn - endeavour,Mapstone - Cairns,492,222375,"13,384.10"
Prawn - greasy,Mapstone - Cairns,9,11,0.29
Prawn - hardback,Mapstone - Cairns,N/A,N/A,N/A
Prawn - japanese king,Mapstone - Cairns,N/A,N/A,N/A
Prawn - king,Mapstone - Cairns,372,31350,630.63
Prawn - leader,Mapstone - Cairns,118,3154,53.15
Prawn - mixed bait,Mapstone - Cairns,6,6,0.7
Prawn - red spot king,Mapstone - Cairns,146,3254,67.39
Prawn - royal red,Mapstone - Cairns,N/A,N/A,N/A
Prawn - school,Mapstone - Cairns,5,12,0.65
Prawn - tiger,Mapstone - Cairns,495,226345,"19,659.63"
Prawn - unspecified,Mapstone - Cairns,138,3320,191.3
Scallop - mud,Mapstone - Cairns,128,5486,123.31
Scallop - queen,Mapstone - Cairns,N/A,N/A,N/A
Scallop - saucer,Mapstone - Cairns,85,865,25.11
Scallop - unspecified,Mapstone - Cairns,19,108,8.49
Seahorse - unspecified,Mapstone - Cairns,N/A,N/A,N/A
Shark - angel unspecified,Mapstone - Cairns,N/A,N/A,N/A
Shark - eastern shovel nose,Mapstone - Cairns,N/A,N/A,N/A
Shark - fins unspecified,Mapstone - Cairns,N/A,N/A,N/A
Shark - unspecified,Mapstone - Cairns,55,1038,46.22
Snapper - unspecified tropical,Mapstone - Cairns,N/A,N/A,N/A
Squid - unspecified,Mapstone - Cairns,294,26692,72.77
Steelback,Mapstone - Cairns,N/A,N/A,N/A
Sweetlip - unspecified,Mapstone - Cairns,7,13,0.31
Threadfin - blue,Mapstone - Cairns,N/A,N/A,N/A
Threadfin - king,Mapstone - Cairns,N/A,N/A,N/A
Trevally - black,Mapstone - Cairns,N/A,N/A,N/A
Trevally - unspecified,Mapstone - Cairns,N/A,N/A,N/A
Tuna - albacore,Mapstone - Cairns,6,6,0.28
Tuna - unspecified,Mapstone - Cairns,N/A,N/A,N/A
Tusk fish - unspecified,Mapstone - Cairns,N/A,N/A,N/A
Unknown,Mapstone - Cairns,36,689,4.55
Whiptail - false,Mapstone - Cairns,N/A,N/A,N/A
Whiting - stout,Mapstone - Cairns,N/A,N/A,N/A
Whiting - trumpeter,Mapstone - Cairns,10,78,0.15
Whiting - unspecified,Mapstone - Cairns,22,295,18.89
Wrasse - unspecified,Mapstone - Cairns,N/A,N/A,N/A
Amberjack,Great barrier reef marine park,17,22,0.79
Bait fish,Great barrier reef marine park,35,253,5.1
Barramundi,Great barrier reef marine park,7,27,1.08
Bat fish - hump headed,Great barrier reef marine park,N/A,N/A,N/A
Bream - black (luderick),Great barrier reef marine park,N/A,N/A,N/A
Bream - bony (herring),Great barrier reef marine park,N/A,N/A,N/A
Bream - unspecified,Great barrier reef marine park,6,11,0.04
Bug - honey,Great barrier reef marine park,45,250,8.06
Bugs - Balmain,Great barrier reef marine park,417,55489,535.3
Bugs - moreton bay,Great barrier reef marine park,728,592404,"14,303.34"
Bugs - unspecified,Great barrier reef marine park,332,16616,242.56
Butter fish - striped,Great barrier reef marine park,N/A,N/A,N/A
Butterflybream -  unspecified,Great barrier reef marine park,233,22173,198.44
Cod - bar,Great barrier reef marine park,N/A,N/A,N/A
Cod - coral,Great barrier reef marine park,N/A,N/A,N/A
Cod - greasy,Great barrier reef marine park,N/A,N/A,N/A
Cod - maori,Great barrier reef marine park,5,43,0.62
Cod - unspecified,Great barrier reef marine park,102,343,4.5
Coral trout,Great barrier reef marine park,179,2042,53.12
Crab - blue swimmer,Great barrier reef marine park,581,85386,449.03
Crab - coral,Great barrier reef marine park,10,50,0.32
Crab - Mud,Great barrier reef marine park,75,474,12.07
Crab - spanner,Great barrier reef marine park,11,76,16.12
Crab - three spot,Great barrier reef marine park,202,2462,18.66
Crab - unspecified,Great barrier reef marine park,476,37241,418.98
Cuttlefish,Great barrier reef marine park,470,105663,446.45
Dart - unspecified,Great barrier reef marine park,N/A,N/A,N/A
Dolphin fish,Great barrier reef marine park,N/A,N/A,N/A
Emperor - red,Great barrier reef marine park,84,486,12.57
Emperor - red throat,Great barrier reef marine park,37,359,6.27
Emperor - reticulated,Great barrier reef marine park,N/A,N/A,N/A
Emperor - spangled,Great barrier reef marine park,30,186,2.7
Fish - mixed reef,Great barrier reef marine park,18,129,4.34
Fish - mixed reef a,Great barrier reef marine park,85,969,23.02
Fish - mixed reef b,Great barrier reef marine park,8,81,0.88
Fish - unspecified,Great barrier reef marine park,289,6739,132.33
Fish - wings unspecified,Great barrier reef marine park,N/A,N/A,N/A
Flathead - unspecified,Great barrier reef marine park,35,292,1.27
Flounder - unspecified,Great barrier reef marine park,5,198,0.61
Garfish - unspecified,Great barrier reef marine park,N/A,N/A,N/A
Gemfish,Great barrier reef marine park,N/A,N/A,N/A
Goat fish,Great barrier reef marine park,46,831,6.08
Grinners,Great barrier reef marine park,N/A,N/A,N/A
Grunter - unspecified,Great barrier reef marine park,9,39,2.42
Herring - wolf,Great barrier reef marine park,N/A,N/A,N/A
Hussar - unspecified,Great barrier reef marine park,N/A,N/A,N/A
Jew fish - mulloway,Great barrier reef marine park,62,442,11.52
Jew fish - silver,Great barrier reef marine park,16,42,2.95
Jew fish - unspecified,Great barrier reef marine park,31,124,6.26
Jobfish - gold banded,Great barrier reef marine park,N/A,N/A,N/A
Jobfish - green,Great barrier reef marine park,N/A,N/A,N/A
Jobfish - rosy,Great barrier reef marine park,5,29,0.53
Jobfish - unspecified,Great barrier reef marine park,15,52,2.18
Kingfish - black,Great barrier reef marine park,23,43,0.83
Kingfish - unspecified,Great barrier reef marine park,N/A,N/A,N/A
Kingfish - yellowtail,Great barrier reef marine park,N/A,N/A,N/A
Leather jacket/triggerfish,Great barrier reef marine park,N/A,N/A,N/A
Lobster - champagne (red),Great barrier reef marine park,164,24333,520.16
Lobster - cray tails,Great barrier reef marine park,67,451,40.88
Lobster - slipper,Great barrier reef marine park,79,527,4.86
Lobster - tropical rock,Great barrier reef marine park,43,713,7.01
Lobster - unspecified,Great barrier reef marine park,113,2346,169.4
Mackerel - grey,Great barrier reef marine park,37,233,4.59
Mackerel - school,Great barrier reef marine park,N/A,N/A,N/A
Mackerel - shark,Great barrier reef marine park,N/A,N/A,N/A
Mackerel - spanish,Great barrier reef marine park,34,531,18.74
Mackerel - spotted,Great barrier reef marine park,N/A,N/A,N/A
Mackerel - unspecified,Great barrier reef marine park,92,677,16.54
Mangrove jack,Great barrier reef marine park,12,29,0.43
Mantis shrimp - unspecified,Great barrier reef marine park,111,1720,9.72
Mullet - fantail/silver,Great barrier reef marine park,N/A,N/A,N/A
Mullet - tiger / flat tail,Great barrier reef marine park,N/A,N/A,N/A
Mullet - unspecified,Great barrier reef marine park,9,24,0.88
Nannygai - large mouth,Great barrier reef marine park,38,135,2.78
Nannygai - small mouth,Great barrier reef marine park,N/A,N/A,N/A
Nannygai - unspecified,Great barrier reef marine park,22,45,2.53
Octopus - unspecified,Great barrier reef marine park,372,28402,74.62
Painted sweetlip,Great barrier reef marine park,9,23,0.33
Perch - moses,Great barrier reef marine park,N/A,N/A,N/A
Perch - pearl,Great barrier reef marine park,10,48,0.57
Pilchard/sardine - unspecified,Great barrier reef marine park,N/A,N/A,N/A
Pink fish,Great barrier reef marine park,N/A,N/A,N/A
Pipehorse - dunkers,Great barrier reef marine park,179,13811,2.79
Pipehorse - pallid,Great barrier reef marine park,186,10709,3.77
Pomfret - unspecified,Great barrier reef marine park,10,12,0.15
Prawn -  red spot & blue leg k,Great barrier reef marine park,384,27187,"1,621.56"
Prawn - banana,Great barrier reef marine park,719,83138,"12,692.39"
Prawn - bay,Great barrier reef marine park,404,5439,189.17
Prawn - blue leg king,Great barrier reef marine park,324,63778,"2,918.90"
Prawn - clicker,Great barrier reef marine park,10,51,0.9
Prawn - coral,Great barrier reef marine park,526,46724,"1,188.79"
Prawn - eastern king,Great barrier reef marine park,433,112631,"16,884.99"
Prawn - endeavour,Great barrier reef marine park,718,567591,"27,732.44"
Prawn - greasy,Great barrier reef marine park,77,515,24.74
Prawn - hardback,Great barrier reef marine park,9,439,15.29
Prawn - japanese king,Great barrier reef marine park,9,101,10.52
Prawn - king,Great barrier reef marine park,728,269023,"15,530.24"
Prawn - leader,Great barrier reef marine park,293,11421,223.48
Prawn - mixed bait,Great barrier reef marine park,52,359,6.32
Prawn - red,Great barrier reef marine park,19,36,0.67
Prawn - red spot king,Great barrier reef marine park,376,87622,"5,462.06"
Prawn - royal red,Great barrier reef marine park,11,89,21.71
Prawn - scarlet,Great barrier reef marine park,8,113,13.26
Prawn - school,Great barrier reef marine park,60,190,10.38
Prawn - tiger,Great barrier reef marine park,751,604129,"46,574.74"
Prawn - unspecified,Great barrier reef marine park,436,14508,534.64
Queenfish - unspecified,Great barrier reef marine park,8,15,0.46
Queensland halibut,Great barrier reef marine park,N/A,N/A,N/A
Ray - eastern fiddler,Great barrier reef marine park,30,207,3.5
Ray - sting unspecified,Great barrier reef marine park,8,27,0.56
Samson fish,Great barrier reef marine park,N/A,N/A,N/A
Scad - unspecified,Great barrier reef marine park,N/A,N/A,N/A
Scallop - mud,Great barrier reef marine park,410,20407,"1,304.83"
Scallop - queen,Great barrier reef marine park,N/A,N/A,N/A
Scallop - saucer,Great barrier reef marine park,627,213401,"15,342.88"
Scallop - unspecified,Great barrier reef marine park,246,8576,437.22
Seabream - Collar,Great barrier reef marine park,N/A,N/A,N/A
Seahorse - unspecified,Great barrier reef marine park,6,46,0.25
Shark - angel unspecified,Great barrier reef marine park,N/A,N/A,N/A
Shark - australian blacktip,Great barrier reef marine park,N/A,N/A,N/A
Shark - eastern shovel nose,Great barrier reef marine park,N/A,N/A,N/A
Shark - fins unspecified,Great barrier reef marine park,24,98,0.22
Shark - unspecified,Great barrier reef marine park,255,6447,206.98
Shark - wobbegong,Great barrier reef marine park,N/A,N/A,N/A
Snapper - unspecified tropical,Great barrier reef marine park,18,79,1.32
Snapper (squire),Great barrier reef marine park,21,98,6.14
Squid - unspecified,Great barrier reef marine park,633,136336,502.84
Steelback,Great barrier reef marine park,N/A,N/A,N/A
striped seapike,Great barrier reef marine park,N/A,N/A,N/A
Surf red fish,Great barrier reef marine park,N/A,N/A,N/A
Sweetlip - unspecified,Great barrier reef marine park,51,261,6.14
Tailor,Great barrier reef marine park,N/A,N/A,N/A
Threadfin - blue,Great barrier reef marine park,10,40,0.64
Threadfin - king,Great barrier reef marine park,N/A,N/A,N/A
Threadfin - unspecified,Great barrier reef marine park,8,32,0.19
Threadfin bream,Great barrier reef marine park,N/A,N/A,N/A
Trevally - black,Great barrier reef marine park,13,91,0.48
Trevally - unspecified,Great barrier reef marine park,36,92,2.23
Tuna - albacore,Great barrier reef marine park,10,10,0.53
Tuna - skipjack,Great barrier reef marine park,11,42,3.92
Tuna - unspecified,Great barrier reef marine park,9,41,2.25
Tuna - yellowfin,Great barrier reef marine park,N/A,N/A,N/A
Tusk fish - unspecified,Great barrier reef marine park,25,124,0.84
Unknown,Great barrier reef marine park,173,10167,703.48
Whiptail - false,Great barrier reef marine park,7,100,0.91
Whiting - stout,Great barrier reef marine park,30,139,68.05
Whiting - summer,Great barrier reef marine park,N/A,N/A,N/A
Whiting - trumpeter,Great barrier reef marine park,45,266,78.65
Whiting - unspecified,Great barrier reef marine park,172,1466,37.04
Wrasse - sling-jaw,Great barrier reef marine park,N/A,N/A,N/A
Wrasse - unspecified,Great barrier reef marine park,N/A,N/A,N/A
Yellowtail Scad,Great barrier reef marine park,N/A,N/A,N/A
Amberjack,East coast,37,107,2.67
Bait fish,East coast,65,451,14.93
Barramundi,East coast,11,31,1.36
Bat fish - hump headed,East coast,N/A,N/A,N/A
Blue eye trevalla,East coast,N/A,N/A,N/A
Bonito - unspecified,East coast,N/A,N/A,N/A
Bream - black (luderick),East coast,N/A,N/A,N/A
Bream - bony (herring),East coast,N/A,N/A,N/A
Bream - unspecified,East coast,24,78,1.46
Bream - yellowfinned,East coast,N/A,N/A,N/A
Bug - honey,East coast,113,1309,30.12
Bugs - Balmain,East coast,567,163245,"1,844.79"
Bugs - moreton bay,East coast,859,718558,"16,128.33"
Bugs - unspecified,East coast,441,20558,308.13
Butter fish - striped,East coast,13,60,0.21
Butterflybream -  unspecified,East coast,340,33414,280.42
Butterflybream - theodore's,East coast,N/A,N/A,N/A
Cod - bar,East coast,N/A,N/A,N/A
Cod - barramundi,East coast,N/A,N/A,N/A
Cod - coral,East coast,N/A,N/A,N/A
Cod - greasy,East coast,N/A,N/A,N/A
Cod - maori,East coast,8,47,0.66
Cod - unspecified,East coast,130,434,5.88
Coral trout,East coast,195,2111,54.56
Crab - blue swimmer,East coast,796,282769,"2,308.15"
Crab - coral,East coast,11,53,0.34
Crab - Mud,East coast,141,832,14.32
Crab - spanner,East coast,26,178,23.72
Crab - three spot,East coast,471,45105,422.9
Crab - unspecified,East coast,658,108507,"1,775.27"
Cuttlefish,East coast,652,206282,942.89
Dart - unspecified,East coast,N/A,N/A,N/A
Dolphin fish,East coast,N/A,N/A,N/A
Eel (marine),East coast,N/A,N/A,N/A
Emperor - red,East coast,96,531,13.29
Emperor - red throat,East coast,40,365,6.36
Emperor - reticulated,East coast,N/A,N/A,N/A
Emperor - spangled,East coast,33,210,2.9
Fish - mixed reef,East coast,19,130,4.35
Fish - mixed reef a,East coast,165,2239,40.09
Fish - mixed reef b,East coast,9,84,0.89
Fish - unspecified,East coast,452,13894,257.19
Fish - wings unspecified,East coast,N/A,N/A,N/A
Flathead - sand,East coast,N/A,N/A,N/A
Flathead - unspecified,East coast,148,4591,32.09
Flounder - unspecified,East coast,58,1254,4.88
Garfish - unspecified,East coast,N/A,N/A,N/A
Gemfish,East coast,N/A,N/A,N/A
Goat fish,East coast,65,1533,20.1
Greasy and School prawns,East coast,N/A,N/A,N/A
Grinners,East coast,N/A,N/A,N/A
Grunter - unspecified,East coast,12,47,2.47
Guitarfishes - shovelnose unsp,East coast,N/A,N/A,N/A
Hardyhead,East coast,N/A,N/A,N/A
Herring - koningsberger's,East coast,N/A,N/A,N/A
Herring - wolf,East coast,N/A,N/A,N/A
Hussar - unspecified,East coast,5,33,0.53
Jew fish - mulloway,East coast,89,507,12.98
Jew fish - silver,East coast,20,54,3.21
Jew fish - unspecified,East coast,45,253,7.69
Jobfish - gold banded,East coast,N/A,N/A,N/A
Jobfish - green,East coast,N/A,N/A,N/A
Jobfish - rosy,East coast,5,29,0.53
Jobfish - unspecified,East coast,19,56,2.26
Kingfish - black,East coast,32,71,1.27
Kingfish - unspecified,East coast,7,53,3.2
Kingfish - yellowtail,East coast,22,265,22.98
Leather jacket/triggerfish,East coast,N/A,N/A,N/A
Lobster - champagne (red),East coast,291,27884,544.77
Lobster - cray tails,East coast,71,456,41.01
Lobster - slipper,East coast,183,2042,17.37
Lobster - tropical rock,East coast,49,727,7.62
Lobster - unspecified,East coast,146,2573,186.07
Mackerel - grey,East coast,46,297,4.84
Mackerel - school,East coast,N/A,N/A,N/A
Mackerel - shark,East coast,N/A,N/A,N/A
Mackerel - spanish,East coast,38,542,18.92
Mackerel - spotted,East coast,6,17,3.96
Mackerel - unspecified,East coast,110,769,17.11
Mangrove jack,East coast,18,53,0.87
Mantis shrimp - unspecified,East coast,255,11823,101.31
Mullet - fantail/silver,East coast,N/A,N/A,N/A
Mullet - tiger / flat tail,East coast,N/A,N/A,N/A
Mullet - unspecified,East coast,23,84,3.78
Nannygai - large mouth,East coast,39,136,2.79
Nannygai - small mouth,East coast,N/A,N/A,N/A
Nannygai - unspecified,East coast,24,53,2.68
Octopus - unspecified,East coast,555,82943,540.4
Painted sweetlip,East coast,18,105,0.91
Perch - moses,East coast,N/A,N/A,N/A
Perch - pearl,East coast,35,176,4.09
Pilchard/sardine - unspecified,East coast,N/A,N/A,N/A
Pink fish,East coast,N/A,N/A,N/A
Pipehorse - dunkers,East coast,241,15979,4.01
Pipehorse - pallid,East coast,238,12369,4.84
Pomfret - unspecified,East coast,10,12,0.15
Prawn -  red spot & blue leg k,East coast,448,29209,"1,699.15"
Prawn - banana,East coast,904,143664,"16,715.27"
Prawn - bay,East coast,664,160945,"6,891.53"
Prawn - blue leg king,East coast,413,71074,"3,156.84"
Prawn - clicker,East coast,66,1820,16.35
Prawn - coral,East coast,626,54276,"1,434.17"
Prawn - eastern king,East coast,591,403664,"54,357.73"
Prawn - endeavour,East coast,860,608220,"28,706.63"
Prawn - greasy,East coast,264,22756,"1,708.34"
Prawn - hardback,East coast,51,1093,27.59
Prawn - japanese king,East coast,21,166,14.97
Prawn - king,East coast,880,521623,"30,347.16"
Prawn - king+tiger,East coast,10,284,8.26
Prawn - leader,East coast,340,12010,232.19
Prawn - mixed bait,East coast,112,772,20.98
Prawn - red,East coast,23,57,1.44
Prawn - red spot king,East coast,424,88576,"5,523.29"
Prawn - royal red,East coast,18,113,23.96
Prawn - scarlet,East coast,16,246,34.86
Prawn - school,East coast,310,4559,688.36
Prawn - tiger,East coast,904,820168,"53,356.54"
Prawn - unspecified,East coast,632,46541,"1,305.69"
Queenfish - unspecified,East coast,9,16,0.51
Queensland halibut,East coast,N/A,N/A,N/A
Ray - eastern fiddler,East coast,103,1363,16.95
Ray - sting unspecified,East coast,37,402,5.42
Samson fish,East coast,6,66,1.07
Scad - unspecified,East coast,N/A,N/A,N/A
Scallop - mud,East coast,474,21557,"1,362.32"
Scallop - queen,East coast,7,49,28.48
Scallop - saucer,East coast,742,302636,"22,045.68"
Scallop - unspecified,East coast,315,11424,588.1
Seabream - Collar,East coast,N/A,N/A,N/A
Seahorse - unspecified,East coast,8,49,0.28
Shark - angel unspecified,East coast,N/A,N/A,N/A
Shark - australian blacktip,East coast,N/A,N/A,N/A
Shark - eastern shovel nose,East coast,N/A,N/A,N/A
Shark - fins unspecified,East coast,28,127,0.45
Shark - unspecified,East coast,428,15223,294.75
Shark - wobbegong,East coast,N/A,N/A,N/A
Silver biddies,East coast,6,72,0.72
Snapper - unspecified tropical,East coast,26,132,2.63
Snapper (squire),East coast,78,515,19.28
Spinefoot,East coast,10,305,4.35
Squid - unspecified,East coast,827,366169,"4,213.73"
Steelback,East coast,N/A,N/A,N/A
striped seapike,East coast,6,22,0.18
Surf red fish,East coast,N/A,N/A,N/A
Sweetlip - unspecified,East coast,64,289,6.73
Tailor,East coast,7,215,6.16
Threadfin - blue,East coast,20,75,1.01
Threadfin - king,East coast,N/A,N/A,N/A
Threadfin - striped,East coast,N/A,N/A,N/A
Threadfin - unspecified,East coast,10,34,0.19
Threadfin bream,East coast,5,14,0.15
Trevally - black,East coast,13,91,0.48
Trevally - giant,East coast,N/A,N/A,N/A
Trevally - unspecified,East coast,58,1108,30.86
Tuna - albacore,East coast,14,15,0.65
Tuna - skipjack,East coast,36,191,12.86
Tuna - unspecified,East coast,43,565,34.57
Tuna - yellowfin,East coast,N/A,N/A,N/A
Tusk fish - unspecified,East coast,40,163,1.75
Unknown,East coast,281,15832,862.67
Weever - bar-faced,East coast,N/A,N/A,N/A
Whiptail - false,East coast,16,169,2.39
Whiting - stout,East coast,120,10027,"12,207.71"
Whiting - summer,East coast,51,527,52.85
Whiting - trumpeter,East coast,193,11440,"1,048.05"
Whiting - unspecified,East coast,393,32283,"1,763.69"
Wrasse - sling-jaw,East coast,N/A,N/A,N/A
Wrasse - unspecified,East coast,N/A,N/A,N/A
Yellowtail Scad,East coast,5,315,16.93
Amberjack Total,,37,111,3.15
Bait fish Total,,65,451,14.93
Barramundi Total,,11,31,1.36
Bat fish - hump headed Total,,N/A,N/A,N/A
Blue eye trevalla Total,,N/A,N/A,N/A
Bonito - unspecified Total,,N/A,N/A,N/A
Bream - black (luderick) Total,,N/A,N/A,N/A
Bream - bony (herring) Total,,N/A,N/A,N/A
Bream - unspecified Total,,24,79,1.47
Bream - yellowfinned Total,,N/A,N/A,N/A
Bug - honey Total,,115,1314,30.24
Bugs - Balmain Total,,567,163562,"1,849.42"
Bugs - moreton bay Total,,861,720735,"16,185.82"
Bugs - unspecified Total,,441,20677,309.89
Butter fish - striped Total,,13,64,0.22
Butterflybream -  unspecified Total,,340,33424,280.52
Butterflybream - theodore's Total,,N/A,N/A,N/A
Cod - bar Total,,N/A,N/A,N/A
Cod - barramundi Total,,N/A,N/A,N/A
Cod - coral Total,,N/A,N/A,N/A
Cod - greasy Total,,N/A,N/A,N/A
Cod - maori Total,,8,47,0.66
Cod - unspecified Total,,132,443,6.08
Coral trout Total,,199,2121,55.06
Crab - blue swimmer Total,,796,283457,"2,315.69"
Crab - coral Total,,11,53,0.34
Crab - Mud Total,,144,840,14.38
Crab - spanner Total,,27,180,26.17
Crab - three spot Total,,472,45198,423.53
Crab - unspecified Total,,659,108951,"1,785.72"
Cuttlefish Total,,653,206569,944.87
Dart - unspecified Total,,N/A,N/A,N/A
Dolphin fish Total,,N/A,N/A,N/A
Eel (marine) Total,,N/A,N/A,N/A
Emperor - red Total,,98,536,13.62
Emperor - red throat Total,,41,366,6.37
Emperor - reticulated Total,,N/A,N/A,N/A
Emperor - spangled Total,,33,210,2.9
Fish - mixed reef Total,,19,130,4.35
Fish - mixed reef a Total,,167,2261,40.58
Fish - mixed reef b Total,,9,84,0.89
Fish - unspecified Total,,456,14218,265.58
Fish - wings unspecified Total,,N/A,N/A,N/A
Flathead - sand Total,,N/A,N/A,N/A
Flathead - unspecified Total,,149,4874,34.69
Flounder - unspecified Total,,59,1318,5.09
Garfish - unspecified Total,,5,26,1.8
Gemfish Total,,N/A,N/A,N/A
Goat fish Total,,65,1564,20.23
Greasy and School prawns Total,,N/A,N/A,N/A
Grinners Total,,N/A,N/A,N/A
Grunter - unspecified Total,,13,49,2.5
Guitarfishes - shovelnose unsp Total,,N/A,N/A,N/A
Hardyhead Total,,N/A,N/A,N/A
Herring - koningsberger's Total,,N/A,N/A,N/A
Herring - wolf Total,,N/A,N/A,N/A
Hussar - unspecified Total,,6,34,0.57
Jew fish - mulloway Total,,89,510,13.09
Jew fish - silver Total,,20,54,3.21
Jew fish - unspecified Total,,46,254,7.7
Jobfish - gold banded Total,,N/A,N/A,N/A
Jobfish - green Total,,N/A,N/A,N/A
Jobfish - rosy Total,,5,29,0.53
Jobfish - unspecified Total,,19,56,2.26
Kingfish - black Total,,33,72,1.28
Kingfish - unspecified Total,,7,59,3.73
Kingfish - yellowtail Total,,22,266,23.42
Leather jacket/triggerfish Total,,N/A,N/A,N/A
Lobster - champagne (red) Total,,291,27895,544.89
Lobster - cray tails Total,,72,459,41.09
Lobster - slipper Total,,183,2042,17.37
Lobster - tropical rock Total,,49,727,7.62
Lobster - unspecified Total,,149,2593,187.6
Mackerel - grey Total,,46,303,4.88
Mackerel - school Total,,N/A,N/A,N/A
Mackerel - shark Total,,N/A,N/A,N/A
Mackerel - spanish Total,,39,573,20.88
Mackerel - spotted Total,,6,17,3.96
Mackerel - unspecified Total,,111,774,17.15
Mangrove jack Total,,18,53,0.87
Mantis shrimp - unspecified Total,,255,11840,101.46
Mullet - fantail/silver Total,,N/A,N/A,N/A
Mullet - tiger / flat tail Total,,N/A,N/A,N/A
Mullet - unspecified Total,,24,88,3.84
Nannygai - large mouth Total,,40,137,2.8
Nannygai - small mouth Total,,N/A,N/A,N/A
Nannygai - unspecified Total,,24,53,2.68
Octopus - unspecified Total,,557,83784,578.41
Painted sweetlip Total,,18,105,0.91
Perch - moses Total,,N/A,N/A,N/A
Perch - pearl Total,,36,177,4.1
Pilchard/sardine - unspecified Total,,N/A,N/A,N/A
Pink fish Total,,N/A,N/A,N/A
Pipehorse - dunkers Total,,241,15982,4.01
Pipehorse - pallid Total,,238,12372,4.84
Pomfret - unspecified Total,,10,12,0.15
Prawn -  red spot & blue leg k Total,,448,29356,"1,708.49"
Prawn - banana Total,,905,144214,"16,795.17"
Prawn - bay Total,,666,161227,"6,916.89"
Prawn - blue leg king Total,,414,71113,"3,159.15"
Prawn - clicker Total,,68,1825,16.42
Prawn - coral Total,,626,54416,"1,439.63"
Prawn - eastern king Total,,591,404311,"54,427.48"
Prawn - endeavour Total,,860,609940,"28,826.28"
Prawn - greasy Total,,264,22788,"1,709.31"
Prawn - hardback Total,,52,1096,27.63
Prawn - japanese king Total,,21,166,14.97
Prawn - king Total,,881,524455,"30,524.27"
Prawn - king+tiger Total,,11,285,8.3
Prawn - leader Total,,341,12038,233.38
Prawn - mixed bait Total,,113,776,21.07
Prawn - red Total,,23,57,1.44
Prawn - red spot king Total,,425,88623,"5,525.43"
Prawn - royal red Total,,18,113,23.96
Prawn - scarlet Total,,16,246,34.86
Prawn - school Total,,311,4616,695.63
Prawn - tiger Total,,905,822359,"53,533.16"
Prawn - unspecified Total,,640,46774,"1,328.82"
Queenfish - unspecified Total,,10,17,0.52
Queensland halibut Total,,N/A,N/A,N/A
Ray - eastern fiddler Total,,103,1368,17
Ray - sting unspecified Total,,40,415,5.56
Samson fish Total,,7,67,1.07
Scad - unspecified Total,,N/A,N/A,N/A
Scallop - mud Total,,477,21669,"1,409.38"
Scallop - queen Total,,7,49,28.48
Scallop - saucer Total,,742,303603,"22,198.46"
Scallop - unspecified Total,,315,11465,590.42
Seabream - Collar Total,,N/A,N/A,N/A
Seahorse - unspecified Total,,8,49,0.28
Shark - angel unspecified Total,,N/A,N/A,N/A
Shark - australian blacktip Total,,N/A,N/A,N/A
Shark - eastern shovel nose Total,,N/A,N/A,N/A
Shark - fins unspecified Total,,28,127,0.45
Shark - unspecified Total,,430,15578,297.73
Shark - wobbegong Total,,N/A,N/A,N/A
Silver biddies Total,,6,72,0.72
Snapper - unspecified tropical Total,,26,132,2.63
Snapper (squire) Total,,79,519,19.39
Spinefoot Total,,10,305,4.35
Squid - unspecified Total,,828,367320,"4,236.21"
Steelback Total,,N/A,N/A,N/A
striped seapike Total,,6,22,0.18
Surf red fish Total,,N/A,N/A,N/A
Sweetlip - unspecified Total,,66,292,6.83
Tailor Total,,7,215,6.16
Threadfin - blue Total,,21,76,1.02
Threadfin - king Total,,N/A,N/A,N/A
Threadfin - striped Total,,N/A,N/A,N/A
Threadfin - unspecified Total,,10,35,0.21
Threadfin bream Total,,5,14,0.15
Trevally - black Total,,13,91,0.48
Trevally - giant Total,,N/A,N/A,N/A
Trevally - unspecified Total,,58,1109,30.86
Tuna - albacore Total,,14,15,0.65
Tuna - skipjack Total,,36,191,12.86
Tuna - unspecified Total,,44,567,34.6
Tuna - yellowfin Total,,N/A,N/A,N/A
Tusk fish - unspecified Total,,42,165,1.77
Unknown Total,,281,15901,866.05
Weever - bar-faced Total,,N/A,N/A,N/A
Whiptail - false Total,,16,169,2.39
Whiting - stout Total,,121,10053,"12,235.95"
Whiting - summer Total,,51,527,52.85
Whiting - trumpeter Total,,195,11479,"1,053.89"
Whiting - unspecified Total,,396,32400,"1,787.73"
Wrasse - sling-jaw Total,,N/A,N/A,N/A
Wrasse - unspecified Total,,N/A,N/A,N/A
Yellowtail Scad Total,,5,316,16.93
Grand Total,,1106,2003258,"278,163.65"
